id,type,login,name
23487963576,WatchEvent,evilgaoshu,spring-projects/spring-boot
23487963624,CreateEvent,gurram47,gurram47/AP20110010620-CS306-L
23487963529,PushEvent,afbeltranr,afbeltranr/Agrilab2
23487963558,IssueCommentEvent,karla-vm,CMSgov/cms-carts-seds
23487963581,PullRequestEvent,hsluoyz,casdoor/casdoor-chrome-extension
23487963532,PushEvent,mnw1020,mnw1020/obsidian
23487963524,PushEvent,ikjo93,ikjo93/Data-Structure
23487963526,PushEvent,Gabe616,Gabe616/ObbyCreatorMusicList
23487963492,PushEvent,BadProfessor,BadProfessor/INL
23487963504,DeleteEvent,allanrg4,ALMA-FUNDEGUA/vacunasgt
23487963536,PullRequestReviewEvent,QGarchery,morpho-dao/morpho-utils
23487963495,CreateEvent,Diyouf,Diyouf/newpage.github.io
23487963522,PushEvent,tiltingpenguin,tiltingpenguin/uyuni
23487963444,PushEvent,igrek-ovs,igrek-ovs/igrek-ovs.github.io
23487963462,PullRequestEvent,cchanmi,TeamDearToday/Deartoday-iOS
23487963480,IssuesEvent,mvashishtha,modin-project/modin
23487963457,PushEvent,na4zagin3,na4zagin3/satyrographos-repo-alpha
23487963413,PushEvent,xsidc,xsidc/monmiao
23487963429,PushEvent,kkukelka,kkukelka/nft-gallery
23487963448,PushEvent,Sidalvik,Sidalvik/005-Sidalvik-FrontEnd-Cargo-project
23487963440,PushEvent,qJkee,qJkee/cluster-config-operator
23487963411,IssueCommentEvent,mvashishtha,modin-project/modin
23487963456,IssueCommentEvent,mergify[bot],majacQ/juicefs
23487963426,WatchEvent,exqlnet,bwmarrin/discordgo
23487963471,PullRequestEvent,lindseyburnett,RedHatInsights/rhsm-subscriptions
23487963425,CreateEvent,wwwuuid2com28,wwwuuid2com28/22_11948
23487963368,PushEvent,signcla-test-unsigned,google-test2/signclav2-probe-repo
23487963384,PushEvent,LombiqBot,Lombiq/Orchard
23487963376,PushEvent,HARPHUNA,HARPHUNA/grpc-SwiftPM
23487963366,PushEvent,khurtwilliams,khurtwilliams/microblog
23487929637,IssueCommentEvent,sukhada,350org/ak_intl_v3
23487929676,PushEvent,yousabu,yousabu/ansible_rhce
23487929674,PushEvent,MathisGD,morpho-dao/morpho-utils
23487929661,PushEvent,BR-Junior,BR-Junior/crud-com-vue-e-quasar
23487929682,PushEvent,predictcrypto,predictcrypto/pins
23487929673,PushEvent,kazukimikami,kazukimikami/reservation
23487929588,PushEvent,allcontributors[bot],dendronhq/dendron
23487929636,CreateEvent,github-actions[bot],tiller1010/silverstripe-spam-module
23487929580,IssuesEvent,sozysozbot,sozysozbot/mikanos
23487929591,PushEvent,moiify,moiify/AutoGreen
23487929533,PushEvent,Callithrix-omics,Callithrix-omics/Callithrix-omics.github.io
23487929573,PushEvent,datho7561,datho7561/quarkus-ls
23487929349,PushEvent,ofzlo,Sooktoring/Sooktoring-Android
23487929578,PushEvent,edwardzuniga,edwardzuniga/holbertonschool-higher_level_programming
23487929597,IssueCommentEvent,0xcadams,livepeer/explorer
23487929522,ReleaseEvent,github-actions[bot],tiller1010/silverstripe-spam-module
23487929560,PushEvent,Mahalderk,Mahalderk/CV
23487929536,PushEvent,markbush,markbush/Smalltalk-80-CompilerLib
23487929501,DeleteEvent,balena-ci,product-os/jellyfish-worker
23487929523,PushEvent,chengzhong001,chengzhong001/cpp-examples
23487929494,PushEvent,pull[bot],kybru91/vscode-languageserver-node
23487929532,PushEvent,fathozt,fathozt/MyProject
23487929508,CreateEvent,ibrahimalangri,ibrahimalangri/KUn
23487929447,PushEvent,InonAngel98,web-application-app/gigosRate
23487929496,DeleteEvent,DmytroKova,DmytroKova/TUTORIAL
23487929420,PushEvent,brianway,brianway/algorithms-learning
23487929439,PushEvent,github-actions[bot],wizche/lema-observatory
23487929452,PushEvent,adamsorbie,adamsorbie/Stroke_Microbiota_reproducibility
23487929428,IssuesEvent,justbecoder,justbecoder/react-router-middleware-plus
23487929425,IssueCommentEvent,dislbenn,stolostron/search-e2e-test
