23487929637,IssueCommentEvent,2022-08-17T15:51:05Z,2022-08-17,sukhada,https://api.github.com/users/sukhada,350org/ak_intl_v3,https://api.github.com/repos/350org/ak_intl_v3
23487929676,PushEvent,2022-08-17T15:51:05Z,2022-08-17,yousabu,https://api.github.com/users/yousabu,yousabu/ansible_rhce,https://api.github.com/repos/yousabu/ansible_rhce
23487929674,PushEvent,2022-08-17T15:51:05Z,2022-08-17,MathisGD,https://api.github.com/users/MathisGD,morpho-dao/morpho-utils,https://api.github.com/repos/morpho-dao/morpho-utils
23487929661,PushEvent,2022-08-17T15:51:05Z,2022-08-17,BR-Junior,https://api.github.com/users/BR-Junior,BR-Junior/crud-com-vue-e-quasar,https://api.github.com/repos/BR-Junior/crud-com-vue-e-quasar
23487929682,PushEvent,2022-08-17T15:51:05Z,2022-08-17,predictcrypto,https://api.github.com/users/predictcrypto,predictcrypto/pins,https://api.github.com/repos/predictcrypto/pins
23487929673,PushEvent,2022-08-17T15:51:05Z,2022-08-17,kazukimikami,https://api.github.com/users/kazukimikami,kazukimikami/reservation,https://api.github.com/repos/kazukimikami/reservation
23487929588,PushEvent,2022-08-17T15:51:05Z,2022-08-17,allcontributors[bot],https://api.github.com/users/allcontributors[bot],dendronhq/dendron,https://api.github.com/repos/dendronhq/dendron
23487929636,CreateEvent,2022-08-17T15:51:05Z,2022-08-17,github-actions[bot],https://api.github.com/users/github-actions[bot],tiller1010/silverstripe-spam-module,https://api.github.com/repos/tiller1010/silverstripe-spam-module
23487929580,IssuesEvent,2022-08-17T15:51:05Z,2022-08-17,sozysozbot,https://api.github.com/users/sozysozbot,sozysozbot/mikanos,https://api.github.com/repos/sozysozbot/mikanos
23487929591,PushEvent,2022-08-17T15:51:05Z,2022-08-17,moiify,https://api.github.com/users/moiify,moiify/AutoGreen,https://api.github.com/repos/moiify/AutoGreen
23487929533,PushEvent,2022-08-17T15:51:05Z,2022-08-17,Callithrix-omics,https://api.github.com/users/Callithrix-omics,Callithrix-omics/Callithrix-omics.github.io,https://api.github.com/repos/Callithrix-omics/Callithrix-omics.github.io
23487929573,PushEvent,2022-08-17T15:51:05Z,2022-08-17,datho7561,https://api.github.com/users/datho7561,datho7561/quarkus-ls,https://api.github.com/repos/datho7561/quarkus-ls
23487929349,PushEvent,2022-08-17T15:51:04Z,2022-08-17,ofzlo,https://api.github.com/users/ofzlo,Sooktoring/Sooktoring-Android,https://api.github.com/repos/Sooktoring/Sooktoring-Android
23487929578,PushEvent,2022-08-17T15:51:05Z,2022-08-17,edwardzuniga,https://api.github.com/users/edwardzuniga,edwardzuniga/holbertonschool-higher_level_programming,https://api.github.com/repos/edwardzuniga/holbertonschool-higher_level_programming
23487929597,IssueCommentEvent,2022-08-17T15:51:05Z,2022-08-17,0xcadams,https://api.github.com/users/0xcadams,livepeer/explorer,https://api.github.com/repos/livepeer/explorer
23487929522,ReleaseEvent,2022-08-17T15:51:05Z,2022-08-17,github-actions[bot],https://api.github.com/users/github-actions[bot],tiller1010/silverstripe-spam-module,https://api.github.com/repos/tiller1010/silverstripe-spam-module
23487929560,PushEvent,2022-08-17T15:51:05Z,2022-08-17,Mahalderk,https://api.github.com/users/Mahalderk,Mahalderk/CV,https://api.github.com/repos/Mahalderk/CV
23487929536,PushEvent,2022-08-17T15:51:05Z,2022-08-17,markbush,https://api.github.com/users/markbush,markbush/Smalltalk-80-CompilerLib,https://api.github.com/repos/markbush/Smalltalk-80-CompilerLib
23487929501,DeleteEvent,2022-08-17T15:51:05Z,2022-08-17,balena-ci,https://api.github.com/users/balena-ci,product-os/jellyfish-worker,https://api.github.com/repos/product-os/jellyfish-worker
23487929523,PushEvent,2022-08-17T15:51:05Z,2022-08-17,chengzhong001,https://api.github.com/users/chengzhong001,chengzhong001/cpp-examples,https://api.github.com/repos/chengzhong001/cpp-examples
23487929494,PushEvent,2022-08-17T15:51:05Z,2022-08-17,pull[bot],https://api.github.com/users/pull[bot],kybru91/vscode-languageserver-node,https://api.github.com/repos/kybru91/vscode-languageserver-node
23487929532,PushEvent,2022-08-17T15:51:05Z,2022-08-17,fathozt,https://api.github.com/users/fathozt,fathozt/MyProject,https://api.github.com/repos/fathozt/MyProject
23487929508,CreateEvent,2022-08-17T15:51:05Z,2022-08-17,ibrahimalangri,https://api.github.com/users/ibrahimalangri,ibrahimalangri/KUn,https://api.github.com/repos/ibrahimalangri/KUn
23487929447,PushEvent,2022-08-17T15:51:05Z,2022-08-17,InonAngel98,https://api.github.com/users/InonAngel98,web-application-app/gigosRate,https://api.github.com/repos/web-application-app/gigosRate
23487929496,DeleteEvent,2022-08-17T15:51:05Z,2022-08-17,DmytroKova,https://api.github.com/users/DmytroKova,DmytroKova/TUTORIAL,https://api.github.com/repos/DmytroKova/TUTORIAL
23487929420,PushEvent,2022-08-17T15:51:05Z,2022-08-17,brianway,https://api.github.com/users/brianway,brianway/algorithms-learning,https://api.github.com/repos/brianway/algorithms-learning
23487929439,PushEvent,2022-08-17T15:51:05Z,2022-08-17,github-actions[bot],https://api.github.com/users/github-actions[bot],wizche/lema-observatory,https://api.github.com/repos/wizche/lema-observatory
23487929452,PushEvent,2022-08-17T15:51:05Z,2022-08-17,adamsorbie,https://api.github.com/users/adamsorbie,adamsorbie/Stroke_Microbiota_reproducibility,https://api.github.com/repos/adamsorbie/Stroke_Microbiota_reproducibility
23487929428,IssuesEvent,2022-08-17T15:51:05Z,2022-08-17,justbecoder,https://api.github.com/users/justbecoder,justbecoder/react-router-middleware-plus,https://api.github.com/repos/justbecoder/react-router-middleware-plus
23487929425,IssueCommentEvent,2022-08-17T15:51:05Z,2022-08-17,dislbenn,https://api.github.com/users/dislbenn,stolostron/search-e2e-test,https://api.github.com/repos/stolostron/search-e2e-test
